ID,Year,University Name English,I,We,You,She/He,They,Affiliation,Achievement,Power,All-or-none,Insight,Causation,Tentative,Certitude,Leisure,Home,Work,Money,Past Focus,Present Focus,Future Focus,WB: Direction,WB: Prosociality,WB: Means,WB: Identity,WB: Motivation,WB: Coherence,WB: Significance,WB: Spiritual,WB: Social Connections,WB: Purpose,WB: Meaning,Mindfulness
1307,2013,Dongguk University,0.07,4.81,0.33,0,2.41,7.09,3.64,2.34,0.33,2.6,1.43,0.78,0.59,1.95,0.39,4.55,1.89,3.32,3.77,2.08,2.02,0.46,0.78,1.5,2.08,1.37,2.21,0.91,0.72,2.73,1.82,1.3
1301,2013,Gachon University,0.11,2.21,0.22,0.11,1.99,3.1,3.49,0.83,0.28,2.99,2.66,0.44,0.11,0.55,0,8.03,2.66,4.43,3.16,1.11,1.66,0.28,1.33,1.22,2.21,1.16,2.21,0.33,0.55,2.6,2.16,1.44
1324,2013,Hankuk University of Foreign Studies,0,9.58,0.15,0.75,2.89,11.17,2.59,2.04,0.8,2.44,3.19,0.8,0.35,0.25,0,5.84,3.24,3.39,5.59,1.55,1.25,1.05,0.65,1,1.85,1.05,2,0.3,0.9,3.44,3.19,0.95
1302,2013,Kangwon National University,0.41,6.88,0.12,0.17,2.97,10.15,3.67,1.81,0.41,3.38,2.57,0.52,0.12,0.12,0,9.85,3.44,3.5,3.44,1.46,1.11,0.58,0.58,0.35,1.46,0.47,1.46,0.17,0.41,1.52,1.17,1.4
1312,2013,Kyunghee University,0,4.85,0.24,0.42,1.68,5.69,1.32,0.66,0.36,2.76,2.52,0.48,0.24,0.3,0.06,5.03,3.3,2.34,5.87,2.28,0.48,0.36,0.66,0.36,1.14,0.66,1.14,0.06,0.36,1.5,1.5,1.38
1311,2013,Sejong University,0,3.13,0.14,0,2.18,5.3,2.04,0.75,0.27,1.77,1.5,0.95,0.07,0.41,0,7.07,3.2,3.94,3.54,1.09,0.88,0.75,1.09,0.61,1.5,0.61,1.5,0.14,0.68,2.52,2.58,1.77
1303,2013,Seoul National University,0,5.48,0,0.06,0.88,7.13,3.3,2.53,0.18,2.24,2.47,0.24,0.12,0.18,0.18,8.13,4.89,2.41,3.95,1.53,1.35,0.35,0.88,0.71,1.59,0.71,1.83,0.24,0.24,1.77,1.53,1
1319,2013,Sogang University,0.06,4.06,0.17,0.28,1.5,5.23,3.17,0.67,0.67,1.45,2.72,1,0.39,1.61,0.28,3.89,2.33,2.95,5.23,2.28,1.45,0.89,0.44,0.56,1.83,0.78,1.61,0.33,0.94,2.39,1.67,1.61
1304,2013,Sungkyunkwan University,0,6.01,0.06,0.24,2.41,7.58,3.49,2.65,0.84,1.56,2.22,1.26,0.42,0.12,0.36,6.92,2.77,2.89,2.95,1.08,1.14,0.96,0.96,0.72,1.86,0.78,1.86,0.36,0.84,2.59,2.22,1.8
1318,2013,University of Suwon,0.06,3.31,0.81,0.06,2.44,5.25,2.94,0.69,0.38,2.63,2.31,1.94,0.19,0.25,0,6.57,2.88,1,6.57,2.19,1.88,0.94,1.19,1.06,2.44,0.5,2.63,0.25,0.81,3,2.63,1.31
1305,2013,Yonsei University,0.18,5.44,0.35,0.12,1.64,6.61,2.69,1.4,0.59,1.87,1.4,0.41,0.41,0.35,0.18,8.07,2.34,2.4,4.39,1.35,1.58,0.88,1.29,1.17,2.28,1.05,2.46,0.59,0.7,3.22,3.1,1.58
1414,2014,Catholic University of Korea,0,2.16,0.22,0.11,4.37,6.1,2.81,0.81,0.38,2.21,2.81,0.54,0.27,0.38,0.11,6.85,3.29,2.21,5.94,1.46,2.37,0.7,1.4,1.24,2.86,1.3,2.37,0.43,1.24,3.51,2.54,2
1422,2014,Chung Ang University,0.05,5.39,0.41,2.57,1.23,7.7,2.87,0.62,0.36,2.21,2.46,0.97,0.15,0.51,0.1,7.75,3.54,1.85,7.08,1.74,1.85,1.18,1.59,1.44,2.21,0.77,1.85,0.67,1.23,3.08,2.67,1.95
1416,2014,Dankook University,0,5.29,0.12,1.97,1.66,6.39,3.26,1.11,0.8,2.7,2.89,0.61,0.12,0.18,0,5.59,2.34,4.36,4.55,1.72,1.29,0.43,0.49,0.92,1.48,0.8,1.41,0.31,0.49,1.91,1.29,1.41
1413,2014,Dongguk University,0.11,3.98,0.28,0.28,1.55,6.69,3.04,2.05,0.55,2.32,3.1,1.22,0.66,1.38,0.11,5.59,3.71,4.42,3.93,1.22,1.77,1.27,1.16,1.27,2.38,0.94,2.32,0.61,1.38,3.26,3.1,1.77
1409,2014,Ewha Womans University,0,5.27,0,0.14,2.15,6.94,2.29,0.56,0.42,3.33,2.98,0.42,0.07,0.9,0.07,6.87,3.26,2.98,4.93,1.25,0.76,1.04,0.69,0.49,1.25,0.97,1.8,0.76,0.83,2.22,2.57,1.6
1415,2014,Gachon University,0,3.06,0.11,0.38,3.22,5.63,3.44,1.64,0.49,1.97,2.4,0.82,0.05,0.66,0,9.62,2.84,3.93,3.83,1.53,2.02,0.87,1.42,1.86,2.3,0.77,2.19,0.82,1.2,2.73,2.57,1.2
1424,2014,Hankuk University of Foreign Studies,0.24,4.42,0,0.06,2.21,5.62,2.21,1.08,0.48,2.03,1.73,0.42,0.06,1.14,0.54,5.2,4.84,1.97,5.73,1.67,0.96,0.66,0.66,0.66,1.55,0.54,1.55,0.24,0.42,1.67,1.19,1.55
1401,2014,Hansung University,0,3.4,0,0.19,1.65,6.5,3.11,0.78,0.39,2.43,2.23,0.39,0.1,2.82,2.82,6.02,0.78,2.72,5.83,1.46,0.97,1.17,1.07,0.39,1.75,0.49,1.65,0.39,0.58,2.52,1.65,2.82
1412,2014,Hongik University,0.07,3.52,0,0,2.71,5.56,4,0.88,0.34,2.17,1.22,0.41,0.54,0.47,0.61,5.08,1.9,2.1,4.67,0.88,1.02,1.29,0.47,1.49,1.49,0.88,1.63,0.27,1.22,3.52,3.18,1.9
1427,2014,Inha University,0,2.5,0.12,0,1.89,5.3,2.56,1.71,0.67,2.62,2.87,0.61,0.37,2.01,0,4.27,1.22,3.29,2.5,1.1,0.67,0.49,0.79,0.73,1.4,0.43,1.46,0.18,0.43,1.71,1.52,2.38
1423,2014,KAIST University,0.12,4.44,0.29,0.12,1.61,5.53,2.53,0.69,0.98,2.76,1.96,1.27,0.35,1.61,0.17,4.78,2.13,2.19,4.03,2.71,0.92,0.69,0.63,0.63,1.33,0.58,1.38,0.17,0.52,1.61,1.27,1.15
1425,2014,Kangwon National University,0.06,5.29,0,0.78,1.92,7.69,3.78,1.68,0.18,2.7,2.04,0.54,0.12,0.3,0,8.47,3.12,4.08,3.06,1.5,0.84,0.42,0.54,0.54,1.32,0.78,1.56,0.3,0.42,1.74,1.56,1.74
1429,2014,Konkuk University,0,4.26,0.15,0.15,2.65,5.07,5,2.65,0.74,2.94,2.5,0.96,0,0.29,0.07,9.34,3.31,4.34,4.71,1.1,2.5,0.66,2.43,2.21,3.16,0.66,3.31,0.44,0.59,3.75,3.46,1.54
1402,2014,Korea University,0,2.88,0.07,0.07,1.57,4.26,2.36,1.7,0.79,2.42,2.36,1.11,0.13,0.2,0,10.35,3.47,4.13,3.99,1.57,0.98,0.85,0.46,0.46,1.64,0.98,1.7,0.33,0.85,1.83,1.51,1.24
1408,2014,Kyonggi University,0,4.21,0.09,0.09,0.81,5.01,3.76,1.79,0.45,2.42,3.31,0.45,0,0.36,0.09,6.36,5.28,3.4,3.4,1.7,1.43,1.07,0.54,0.54,1.79,0.81,1.79,0.18,0.27,2.33,1.61,0.9
1411,2014,Kyunghee University,0,3.08,0,0.84,2.13,4.04,1.74,0.9,0.22,2.13,2.41,0.73,0.28,0.56,0.11,6.33,4.76,2.86,5.16,1.18,1.18,0.45,1.07,0.73,1.85,1.12,1.91,0.17,0.45,2.07,1.96,1.18
1420,2014,Myongji University,0.78,2.83,0.06,0,3.14,5.43,2.9,1.45,0.6,3.02,3.14,0.9,0.24,0.42,0,6.57,5.19,3.74,3.5,1.75,2.53,1.33,0.66,1.45,3.26,2.59,3.02,0.78,1.45,3.62,2.59,1.45
1405,2014,Sejong University,0,3,0.1,0.2,1.83,4.74,2.44,2.09,0.15,1.48,2.65,0.87,0.05,0.71,0.1,6.67,3.62,6.42,2.49,1.58,1.37,0.76,0.66,0.87,2.04,1.12,1.73,0.51,1.02,2.85,2.29,1.22
1419,2014,Seoul National University,0,5.39,0.65,0,2.73,6.82,4.6,2.66,0.65,2.44,1.8,0.65,0.65,0.36,0,7.04,3.81,3.88,1.8,1.44,1.87,0.86,1.29,1.44,2.3,1.08,2.59,0.43,0.86,3.02,2.87,1.72
1417,2014,Seoul National University of Science and Technology,0.06,4.81,0.06,3.59,2.82,6.42,3.21,1.73,0.51,2.7,2.57,0.39,0.26,0.06,0.13,4.49,2.25,4.49,3.27,1.73,2.25,0.96,0.96,2.37,3.4,2.37,1.99,1.67,2.63,4.04,2.44,1.67
1426,2014,Seoul Womens University,0,1.88,0.4,0,1.21,3.16,3.7,1.88,0.13,3.56,3.43,0.81,0.13,0.34,0.13,7.87,4.24,1.88,4.03,3.5,1.21,1.34,1.14,0.94,1.81,0.27,1.95,0.74,1.14,2.08,2.02,1.21
1421,2014,Sogang University,0.17,5.31,0.41,0.33,1.74,6.63,2.65,1.24,0.41,3.32,2.49,0.91,0.25,2.32,0.25,5.89,3.4,3.73,3.98,2.24,1.33,0.5,0.66,0.75,1.66,1.24,1.08,0.66,0.91,1.99,1.24,1.58
1403,2014,Soongsil University,0,5.14,0.33,1.38,1.98,7.05,3.43,0.92,0.79,1.98,3.36,1.91,0.46,0.13,1.58,4.28,1.91,3.49,5.73,1.91,2.31,1.52,1.12,1.38,3.03,1.25,3.1,0.59,1.58,3.49,2.83,1.71
1410,2014,Sungkyunkwan University,0.12,4.25,0.12,1.09,3.34,5.77,3.71,1.34,0.61,2.31,2.67,0.49,0.12,0.24,0.12,7.65,1.34,3.1,4.43,0.79,2.61,0.97,1.22,2.67,3.22,2.55,2.19,1.88,2.37,3.83,2.61,2.07
1434,2014,University of Seoul,0.11,3.35,0.79,0.17,1.42,4.37,1.99,0.96,0.51,2.27,2.78,0.91,0.11,1.3,0.06,6.92,4.65,4.08,4.99,0.79,0.45,0.68,0.51,0.17,0.79,0.34,0.79,0.4,0.62,1.13,1.13,1.19
1407,2014,University of Suwon,0,3.69,0.21,0,1.64,5.28,2.92,1.23,0.36,2.87,2.98,0.26,0.05,0.41,0,5.95,2.67,1.49,4.77,1.95,3.69,1.18,2.1,2.67,4.31,1.54,3.28,1.39,2.21,5.13,3.85,1.44
1404,2014,Yonsei University,0,5.02,0,0.12,1.96,6.46,3.35,1.44,0.17,1.96,2.42,0.69,0.06,0.06,0.06,7.73,2.77,3.4,3.92,0.52,1.79,1.62,1.62,1.21,3,1.67,3.12,0.69,1.62,3.17,3.06,1.5
1513,2015,Catholic University of Korea,0,3.38,0.11,0.06,3.38,4.41,3.95,0.69,0.46,1.83,3.09,0.51,0.06,0.74,0.11,6.64,4.06,2.06,6.12,0.74,2.12,1.49,1.26,0.46,3.2,1.26,3.2,0.17,1.03,4.23,3.83,1.37
1533,2015,Chung Ang University,0.25,5.57,0.89,0.05,2.96,7.39,2.81,0.79,0.59,2.56,2.32,1.03,0.2,0.79,0,6.4,2.12,2.32,5.47,2.12,1.38,0.89,0.89,0.74,1.92,1.13,2.36,0.15,0.69,2.41,2.51,2.51
1521,2015,Dankook University,0.58,4.43,0.05,3.85,1.05,6.06,2.16,0.95,0.95,2.21,3.16,0.58,0.16,0,0,6.06,3.85,5.01,3.95,1.26,1,0.95,0.9,0.84,1.53,0.58,1.32,0.42,1.05,2.42,2.16,2.21
1530,2015,Dongguk University,0,4.14,0.13,0.26,1.71,5.25,2.23,0.66,0.85,3.94,2.63,0.79,0.07,0,0.07,5.78,5.06,3.68,4.01,1.9,0.46,0.39,0.26,0.39,0.72,0.72,1.12,0.2,0.46,1.64,1.97,1.38
1516,2015,Ewha Womans University,0.3,2.76,0.96,0.3,3.78,4.32,1.44,0.9,1.14,2.7,1.62,1.08,0.06,0.9,0.12,1.38,1.56,3.36,5.52,1.26,0.54,1.44,0.42,0.84,1.32,0.84,1.5,0.36,1.44,1.98,2.1,2.16
1528,2015,Gachon University,0,4.09,0.36,0.3,2.89,4.51,3.07,0.84,0.3,2.95,1.74,0.48,0,1.32,0.12,7.4,1.32,4.15,4.27,1.5,1.62,0.72,1.38,1.5,2.05,0.48,1.74,0.48,0.96,2.47,2.05,1.32
1517,2015,Hankuk University of Foreign Studies,0.07,5.74,0,0.7,1.75,8.4,2.31,1.33,0.7,2.31,2.87,0.56,0.35,0.35,0.21,4.97,3.78,2.31,5.6,1.54,1.54,0.98,1.12,0.91,2.17,0.56,2.03,0,0.91,3.01,2.87,1.89
1527,2015,KAIST University,0,3.08,0.31,1.04,2.14,4.75,2.97,1.1,0.63,3.13,1.88,0.47,0.16,0.42,0.21,7.3,4.33,2.82,4.85,1.72,1.77,1.04,1.72,1.1,2.5,1.2,2.61,0.42,1.04,5.11,5.37,2.14
1531,2015,Kangwon National University,0,5.43,0.06,0,2.26,8.84,2.56,1.22,0.43,2.44,2.07,0.43,0.06,0.06,0,7.62,3.29,1.77,3.29,1.71,1.65,3.66,1.28,3.72,2.26,1.04,2.44,0.3,3.54,5.73,5.61,4.27
1532,2015,Konkuk University,0,2.39,0,0.43,1.88,4.34,1.95,1.81,0.51,2.6,3.98,1.09,0.07,0,0.14,3.26,3.04,3.47,1.59,2.32,0.94,0.29,0.72,0.65,1.3,0.87,1.66,0.14,0.07,1.88,1.81,1.45
1508,2015,Korea University,0,4.89,0.11,0.97,1.7,7.84,3.92,1.65,0.17,2.33,3.18,0.74,0.11,0.34,0.06,6.82,2.84,3.47,5.63,1.25,1.65,1.7,1.25,0.51,2.9,1.59,2.78,0.34,1.59,3.64,3.24,1.53
1525,2015,Kwangwoon University,0.28,4.33,0,1.28,1.35,4.82,3.4,0.85,0.92,2.7,3.55,0.64,0.35,0.21,0.21,4.18,4.04,3.12,4.96,1.42,0.99,0.71,0.64,0.57,1.28,0.71,1.63,0.5,0.57,1.35,1.42,1.42
1538,2015,Kyonggi University,0.3,3.9,0.12,4.37,1.24,8.56,2.6,0.59,0.65,2.72,2.54,0.41,0,0.12,0.24,4.31,3.72,3.54,4.31,1.42,2.6,1.42,1.71,1.71,3.13,0.77,3.01,0.41,1.53,4.13,3.96,2.6
1526,2015,Myongji University,0,3.5,0.06,0.52,4.36,6.37,4.59,1.61,0.23,2.47,4.08,0.8,0.11,0.23,0.34,7.69,2.76,5.63,2.58,1.09,1.95,0.69,0.75,1.09,2.47,0.92,2.35,0.23,0.69,3.04,1.78,1.78
1514,2015,Sangmyung University,0,3.91,0.07,1.99,0.79,4.7,3.58,1.79,0.4,2.78,3.58,0.4,0.2,1.32,0.4,6.29,3.64,4.57,3.84,1.66,0.79,0.73,0.66,0.66,1.06,0.26,1.19,0.26,0.66,1.32,1.39,1.92
1520,2015,Seoul National University,0,6.52,0.37,0,1.01,7.9,2.97,2.17,0.42,1.91,2.01,0.85,0.48,1.8,0,7,5.25,3.18,3.6,1.22,1.59,0.74,0.95,1.01,2.07,0.95,2.17,0.37,0.69,2.38,1.96,1.96
1523,2015,Seoul National University of Science and Technology,0.07,5.42,0.43,1.01,5.06,7.52,2.39,0.58,0.87,3.69,2.46,0.8,0.22,0.14,0.51,4.84,2.24,3.18,5.21,1.59,1.23,1.08,1.23,1.16,2.24,0.51,2.24,0.07,0.72,2.89,2.6,2.82
1535,2015,Seoul Womens University,0,2.98,0.25,1.3,1.18,4.71,2.54,1.55,0.25,2.05,1.98,0.99,0.25,0.37,0.31,5.95,2.05,1.74,4.09,1.61,1.3,0.68,0.81,0.99,1.74,0.74,1.74,0.25,0.81,2.67,2.48,1.3
1524,2015,Sogang University,0,4.71,0.29,0,2.71,8.21,2,2.14,0.86,3.36,2.79,0.79,0.07,6.64,0.07,3,1.64,2.43,6,2.93,1.21,0.71,0.64,0.93,2,1.43,1.43,0.79,1.43,2.5,1.64,1
1529,2015,Sungkyunkwan University,0,4.09,0.41,0.58,3.68,5.61,2.51,1.23,0.99,3.33,2.98,1.69,0.58,0.06,0.12,6.54,3.68,4.03,4.09,1.93,1.58,0.53,1.17,1.64,1.99,1.4,2.69,0.58,0.53,2.63,2.92,1.29
1518,2015,UNIST University,0,5.35,0,0.79,3.76,7.3,2.46,0.43,0.65,2.82,2.75,0.58,0.36,0,0.14,5.27,3.18,1.66,5.92,2.96,2.1,0.65,0.72,0.79,2.24,1.23,2.24,0.14,0.58,2.53,2.17,1.52
1505,2015,University of Seoul,0.15,3.06,0.05,1.79,1.89,3.88,3.42,1.43,0.05,2.2,2.76,0.41,0.15,1.33,0,7.3,6.23,4.34,3.93,1.07,0.82,0.26,0.51,0.61,0.97,0.26,1.07,0.15,0.26,1.02,0.97,1.12
1515,2015,Yonsei University,0,3.27,0.1,0.05,3.01,5.93,2.55,2.65,0.21,2.29,2.86,0.62,0.16,0.16,0,6.19,3.17,3.69,4.37,1.09,1.3,0.62,1.04,1.04,2.03,0.94,1.98,0.31,0.73,2.18,1.66,2.08
1626,2016,Ajou University,1.53,4.8,0.51,1.24,2.33,6.33,4.15,0.73,0.44,2.91,3.49,1.09,0.22,1.09,0.15,5.82,1.82,4.15,5.39,1.67,1.97,1.38,0.73,1.09,2.77,1.09,2.18,0.44,1.6,3.2,2.47,1.67
1629,2016,Chung Ang University,0,4.65,0.19,0,3.77,6.65,2.7,0.94,0.19,2.51,2.82,0.75,0.25,0.19,0.06,5.71,3.95,2.89,3.89,1.95,1.76,0.63,0.63,1,2.07,1.19,2.32,0.31,0.69,2.13,1.63,2.2
1633,2016,Chungnam National University,0.21,2.37,0.52,0.1,4.74,4.23,2.58,1.55,0.93,4.23,2.89,1.65,0.31,1.55,0,4.64,0.72,1.75,5.15,3.4,1.96,1.65,1.34,0.93,2.99,1.86,3.61,0.82,1.55,3.71,3.71,2.06
1624,2016,Dankook University,0.56,5.57,1.52,0.05,1.32,7.14,2.08,1.57,0.61,2.48,2.79,1.37,0.56,0.1,0.46,6.33,2.79,3.8,4.71,1.17,1.37,0.35,1.72,1.32,1.82,0.2,1.82,0.35,0.51,2.48,2.64,1.27
1627,2016,Ewha Womans University,0.11,3.9,0.22,0.99,4.01,5.11,1.76,1.59,1.04,1.65,2.75,1.32,0.16,1.1,0.05,1.76,1.76,4.23,3.74,0.82,0.71,1.48,0.55,0.44,1.65,0.88,1.65,0.33,1.48,2.47,2.42,1.48
1623,2016,Gachon University,0,3.75,0.14,0.07,2.64,4.73,2.43,0.76,0.49,1.39,1.39,0.63,0.28,1.88,0,6.12,1.95,3.54,4.24,0.28,0.69,0.35,0.9,0.76,1.11,0.35,1.25,0.28,0.35,1.39,1.6,1.32
1618,2016,Hankuk University of Foreign Studies,0,5.66,0.25,0.38,3.94,7.44,2.86,1.02,0.45,2.42,3.37,1.08,0.25,1.15,0.06,4.71,2.99,1.78,5.41,1.84,2.67,1.4,1.27,1.72,3.5,1.53,2.74,1.02,2.1,4.26,3.37,1.08
1632,2016,Hongik University,0.08,4.91,0.15,0.46,0.61,5.68,3.22,1.46,0.23,2.69,2.3,0.46,0.15,0.46,0.38,6.14,3.38,3.91,4.14,1.38,1.15,0.38,0.84,0.84,1.38,1.53,2.07,0.61,0.46,1.61,1.84,2.23
1622,2016,Kangwon National University,0,4.71,0,0,2.23,8.86,2.91,0.74,0.43,3.47,3.41,0.06,0.25,0.12,0.25,7.56,3.28,2.35,3.72,1.92,1.86,4.52,1.49,4.58,2.97,1.67,2.66,0.62,4.65,6.63,6.44,5.45
1619,2016,Konkuk University,0,2.82,0.06,0.18,2.65,3.88,1.82,2.06,0.18,2.35,3.65,0.53,0.18,0,0,7.06,2.12,2.06,4,1.94,0.65,0.82,0.76,0.82,1.82,1,1.76,0.24,0.71,2.12,1.71,1.76
1606,2016,Korea University,0,4.63,0.07,0,1.96,5.74,2.54,3.65,0.46,3,2.02,0.13,0.13,2.35,0,5.74,2.15,3.59,4.17,0.65,1.04,1.17,0.78,0.78,1.76,1.3,1.83,0.39,0.85,2.15,2.09,1.37
1628,2016,Myongji University,0.19,2.33,0.13,1.55,1.23,4.53,3.17,1.23,0.65,3.82,2.26,0.84,0.06,1.36,0.91,6.53,6.73,3.62,2.72,1.29,0.45,0.58,0.45,0.39,1.29,0.45,1.16,0.26,0.39,1.68,1.23,1.62
1630,2016,Sangmyung University,0.08,3.5,0.24,0.08,3.01,4.8,3.74,1.22,0.33,3.58,2.52,1.22,0.16,0.98,0.16,5.61,2.28,2.03,6.18,1.14,2.77,1.06,1.95,1.87,3.09,0.81,3.01,0.57,1.14,3.82,3.5,2.36
1616,2016,Sejong University,0.07,4.31,0.07,0.07,2.62,5.59,2.62,1.08,0.54,2.89,2.56,1.14,0.13,0.13,0.07,7.4,2.76,3.03,4.98,1.14,1.68,0.94,0.94,0.87,2.29,1.01,2.49,0.27,0.94,2.89,2.83,1.28
1605,2016,Seoul National University,0,4.93,0.05,0,0.94,5.61,2.15,1.52,0.68,1.63,2.1,0.68,0.21,0.16,0,8.91,3.93,2.99,3.46,1.15,1.63,0.73,1.57,1.52,1.94,0.68,2.25,0.79,0.68,2.57,2.62,1.73
1615,2016,Seoul National University of Science and Technology,0.06,6.17,0.13,0.88,2.33,7.3,2.39,0.76,1.01,2.58,1.57,0.44,0.25,3.4,0,4.28,1.07,3.72,3.34,2.14,1.39,0.5,0.88,0.94,1.57,0.5,1.32,0.38,0.76,2.2,1.89,1.89
1625,2016,Sogang University,0.06,4.9,0,0.06,2.19,7.32,3,2.82,0.52,2.3,2.71,1.15,0.35,3.17,0.4,3.97,0.58,3.46,4.21,0.86,1.15,0.75,0.52,0.58,1.67,0.92,1.61,0.29,0.75,2.07,1.67,1.44
1620,2016,Sungkyunkwan University,0,5.81,0.21,2.13,0.85,6.45,4.82,1.56,0.43,1.77,3.47,0.71,0.07,0.14,1.06,5.32,3.33,3.97,4.54,0.99,1.49,0.43,0.85,0.92,1.7,0.92,1.49,0.57,0.64,2.13,1.35,1.35
1631,2016,UNIST University,0,4.96,0.06,0.58,0.99,6.83,2.69,1.46,0.23,3.68,3.62,0.76,0.41,0.12,0,4.38,3.74,2.92,5.02,2.16,1.05,0.06,1.05,0.64,1.17,0.76,1.75,0.06,0.06,1.46,1.81,1.87
1621,2016,University of Seoul,0.06,4.94,0.18,1.94,2.35,6.53,3.47,1.18,0.18,2.71,4.59,0.71,0.18,0.06,0,7.88,4.65,4.82,3.59,0.59,1.18,0.35,1.59,1.18,1.35,0.35,1.41,0.24,0.24,1.82,2,1.71
1617,2016,Yonsei University,0,4.24,0.12,0.41,2.24,5.48,2.71,3.12,0.59,2.24,1.59,0.77,0.12,0.41,0.24,6.31,3.01,3.48,3.48,0.82,1.71,0.65,2.42,2.18,2.3,0.88,3.12,0.53,0.65,2.71,3.3,2.18
1707,2017,Chung Ang University,0,7.48,0.35,0.21,1.39,8.38,2.22,0.76,0.55,2.77,2.22,0.69,0.42,0.07,0.07,4.09,2.84,2.08,4.92,1.94,1.52,0.55,1.18,1.04,2.22,1.39,2.35,0.55,0.76,2.84,2.63,2.77
1716,2017,Dankook University,0,6.37,0.06,0,4.13,7.63,2.41,1.66,1.09,2.58,3.5,1.61,0.4,0.11,0.17,5.17,2.3,4.13,4.99,0.92,2.53,0.98,1.95,2.24,3.33,0.98,3.04,0.75,1.32,3.85,3.56,1.61
1730,2017,Gachon University,0.07,3.36,0.26,0.2,2.9,5.08,2.83,0.66,0.2,1.45,4.81,0.26,0.07,0.4,0,9.89,2.64,3.36,5.08,1.91,1.05,1.78,1.45,1.65,1.45,0.53,1.85,1.25,1.78,3.16,3.43,1.52
1712,2017,Hankuk University of Foreign Studies,0.55,3.45,0.62,0.74,3.76,4.81,3.88,0.92,0.37,2.09,1.05,0.68,0.31,0.31,0.12,5.48,1.85,5.11,4.68,2.16,3.51,1.48,1.36,2.4,4.56,2.34,3.45,1.29,2.65,4.99,3.27,1.6
1714,2017,Korea University,0,4.03,0.3,0,2.21,4.88,2.26,1.71,1.01,3.02,1.86,0.96,0.05,2.01,0.1,5.94,1.26,1.86,5.03,1.21,0.96,1.11,0.6,0.91,1.51,0.6,1.61,0.35,1.11,2.06,1.81,1.46
1704,2017,Myongji University,0,4.89,0.08,0,3.08,6.69,4.59,2.63,0.08,2.56,2.71,0.6,0.08,0.3,0,7.82,4.89,4.51,2.41,2.71,1.13,0.38,0.53,0.68,1.2,1.05,1.73,0.53,0.23,1.5,1.5,1.2
1702,2017,Seoul National University,0.05,5.67,0.36,0.47,2.81,6.82,2.76,1.87,0.68,2.5,2.71,1.56,0.52,0.26,0.05,6.14,3.02,2.81,4.42,1.51,1.93,0.88,1.46,1.66,2.5,0.78,2.6,0.47,0.83,2.86,2.39,1.72
1703,2017,Seoul National University of Science and Technology,1.31,4.79,0.76,0.22,2.01,6.21,2.89,0.65,0.6,2.61,1.31,1.36,0.05,0,0.16,5.61,1.42,3.16,3.86,1.85,1.14,0.87,0.33,0.65,1.47,0.65,1.52,0.38,0.76,2.4,1.69,2.29
1729,2017,Seoul Womens University,0.12,5.23,0.36,0.06,2.29,8.6,1.5,1.2,0.24,3.13,2.1,0.78,0.18,0,0.42,4.93,2.89,2.53,4.45,2.29,1.14,1.08,0.66,0.72,2.04,1.2,1.98,0.24,1.02,2.53,2.1,1.56
1731,2017,Sogang University,0,3.31,0,0.14,1.76,6.69,4.15,2.11,0.49,2.25,3.03,0.49,0.42,0.42,0,5.84,2.89,3.66,3.52,1.27,2.53,1.13,1.34,2.18,3.38,1.83,2.46,1.2,2.04,4.01,3.1,1.41
1708,2017,Sungkyunkwan University,0,7.39,0.17,0.64,3,8.55,2.83,1.16,0.58,2.31,2.77,0.64,0.17,0.17,0.06,5.83,2.37,5.08,3.29,1.5,1.27,1.04,0.81,0.81,1.85,1.27,1.96,0.52,0.98,2.31,2.02,1.62
1701,2017,University of Seoul,0.05,3.93,0.32,1.13,1.78,4.57,3.23,0.86,0.54,2.69,2.21,0.75,0.38,0.48,0.05,4.84,4.04,2.8,5.06,1.02,1.24,0.59,1.13,1.24,1.67,0.54,1.72,0.22,0.65,2.21,2.1,1.83
1715,2017,Yonsei University,0,4.66,0.23,0.06,1.26,5.46,2.82,2.3,0.98,1.95,2.24,0.92,0.34,2.41,0,6.32,2.99,4.2,3.68,1.03,0.92,0.75,0.69,0.8,1.44,0.8,1.55,0.69,0.8,1.84,1.55,1.61
1804,2018,Ajou University,0.16,6.72,0.82,0,1.15,7.79,1.97,1.39,0.49,3.11,5.41,0.41,0.08,0.41,0.16,4.92,4.18,3.52,4.67,1.48,2.46,0.98,0.57,1.72,3.03,2.05,1.64,1.8,2.38,3.77,1.8,0.98
1808,2018,Chung Ang University,0,3.25,0.07,0.27,1.56,4.2,2.51,2.64,0.47,2.37,2.17,0.27,0.27,0.34,0.07,4.54,2.71,2.64,5.49,0.61,0.54,0.68,0.47,0.47,1.08,0.41,1.15,0.14,0.61,1.42,1.49,1.63
1801,2018,Chungnam National University,0.45,4.94,0.52,0.37,1.95,6.52,1.5,0.52,0.97,2.7,2.92,0.6,0.37,0.22,0.07,3.82,1.87,3.45,6.14,2.1,0.9,1.57,0.97,0.9,1.72,0.75,1.72,0.52,1.57,2.7,2.7,1.8
1817,2018,Dankook University,0,4.02,0.06,0.57,3.45,5.72,3.79,1.13,0.23,1.76,3.28,0.45,0.11,0.28,0,7.3,2.66,3.11,5.55,1.08,3.23,1.08,2.66,2.77,3.91,0.96,4.08,0.62,2.15,4.53,4.19,1.25
1827,2018,Dongguk University,0.21,6.07,0.37,0,1.33,7.88,2.87,1.49,0.59,2.34,3.3,1.38,0.69,0.21,0,6.81,2.71,3.09,4.36,1.01,2.29,1.54,1.7,1.38,2.93,0.85,2.82,0.9,1.49,3.19,2.71,1.6
1819,2018,Ewha Womans University,0,3.83,0,0.18,3.38,4.8,2.94,1.16,0.44,2.58,3.02,0.36,0.27,0,0.18,5.07,2.76,4.8,3.74,0.53,1.25,1.33,1.07,0.8,2.22,1.42,2.4,0.36,1.69,2.94,2.67,2.4
1811,2018,Hankuk University of Foreign Studies(Global),0.12,6.59,0.12,0.82,1.41,7.76,2.35,0.94,0.47,2.59,1.18,0.82,0,0,0,6.59,1.88,2.59,5.41,2.47,2.47,1.41,0.71,1.53,3.29,1.76,2.24,1.53,2.35,4,2.71,0.82
1820,2018,Hankuk University of Foreign Studies(Seoul),0,2.28,0.13,0,3.74,4.44,3.3,1.46,0.38,2.35,2.35,0.63,0.44,0.13,0.25,7.3,1.46,2.66,4.57,0.95,2.22,1.02,1.46,1.52,2.6,0.38,2.73,0.25,1.14,2.98,2.73,1.59
1814,2018,Hongik University,0,4.66,0.43,0,0.76,7.16,1.63,0.54,0.43,4.12,2.39,0.43,0.11,0.11,0.33,4.23,1.84,4.34,4.23,0.87,0.22,0.76,0.11,0.76,0.33,0.33,0.65,0.22,0.76,1.08,1.19,1.41
1823,2018,Inha University,0,4.1,0.36,0.15,3.03,6.52,2.31,1.03,0.67,3.13,2.87,1.39,0.15,0.05,0.05,2.31,0.46,3.9,4.52,1.49,0.46,1.03,0.97,1.39,1.23,0.46,1.49,0.05,0.97,1.95,2.26,1.9
1806,2018,Kangwon National University,0,3.73,0,1.37,1.12,4.66,2.36,1.37,0.37,2.73,2.55,0.93,0.06,0.12,0.19,6.96,2.48,4.29,3.23,1.37,1.37,0.62,0.81,0.99,1.8,0.56,1.86,0.25,0.56,1.86,1.43,1.61
1802,2018,Konkuk University,0.26,4.87,0.2,1.97,1.45,5.86,2.17,0.79,0.66,2.37,1.97,1.38,0.99,0.53,0,3.23,1.45,5.79,3.69,1.97,1.32,0.99,1.12,1.58,1.97,1.12,2.11,0.79,1.45,2.5,2.57,1.65
1803,2018,Korea University,0,4.44,0.18,0,1.56,5.52,2.34,1.8,0.48,3.24,2.88,1.32,0.48,0.12,0.12,6.48,2.88,2.28,4.92,1.68,0.84,0.48,0.78,1.02,1.14,0.96,1.68,0.42,0.6,1.92,2.16,1.32
1812,2018,Kyonggi University,0,2.94,0,0,1.66,3.91,2.74,1.96,0.2,1.37,2.94,0.98,0,1.17,0.1,5.58,1.96,1.86,3.91,1.86,1.37,0.39,0.78,1.27,1.47,1.08,1.86,0.29,0.68,1.57,1.76,3.33
1809,2018,Seoul National University of Science and Technology,2.94,2.49,2.56,0.13,1.47,3.07,2.36,1.21,0.13,4.6,1.98,1.02,0.13,0.32,0,5.18,0.58,2.62,4.15,3.39,0.58,0.7,0.64,0.96,1.53,0.58,1.34,0.13,0.7,1.85,1.6,2.11
1821,2018,Seoul Womens University,0.11,3.72,0.79,0,2.54,4.96,1.63,0.96,1.01,2.76,2.48,1.07,0.23,0.28,0.06,2.71,2.48,2.71,6.43,1.92,0.73,0.73,0.68,0.79,1.35,0.68,1.41,0.06,0.73,1.86,1.92,1.69
1810,2018,Sungkyunkwan University,0,5.59,0.07,1.6,1.6,6.97,3.12,1.6,0.65,1.45,3.85,0.94,0.22,0,0,7.84,1.67,4.65,3.34,2.03,2.03,0.8,1.16,1.38,2.76,1.6,2.25,0.65,1.31,3.12,2.4,1.96
1822,2018,UNIST University,0,4.44,0.47,0.59,3.79,5.62,2.25,0.36,0.47,3.79,3.14,1.42,0.47,0,0,5.44,0.77,1.89,6.21,1.95,1.48,1.3,1.12,0.47,1.72,0.95,1.78,0.65,1.36,2.07,2.31,2.66
1818,2018,University of Seoul,0.25,6.56,0.41,0.17,0.91,7.14,2.07,0.83,0.66,2.66,2.9,0.83,0,0,0,4.9,2.41,3.4,4.9,0.91,0.66,0.75,0.33,0.41,0.75,0.41,1.16,0.25,0.66,1.24,1.49,1.24
1807,2018,Yonsei University(Seoul),0,4.11,0,0,2.22,4.63,2.54,1.43,0.85,2.54,2.54,0.65,0.2,1.63,0.13,5.74,1.5,3,4.82,1.5,0.91,0.72,0.72,0.72,1.63,0.65,1.76,0.59,0.85,1.83,1.63,2.09
1813,2018,Yonsei University(Wonju),0.07,4.33,0.6,0,0.37,4.63,1.57,0.45,0.67,2.24,2.91,1.34,0.45,0.3,0.75,2.09,1.79,3.66,5.67,1.87,1.04,0.6,0.6,0.82,1.27,0.82,1.19,0.75,0.67,1.72,1.19,1.04
1905,2019,Chonnam National University,0.08,4.65,0.24,0.16,1.12,6.02,2.01,1.28,0.4,2.81,3.45,0.4,0.08,0.24,1.04,6.9,2.97,4.41,3.85,1.77,0.88,0.56,0.64,0.48,1.12,0.88,1.44,0.4,0.56,1.28,1.44,1.85
1929,2019,Chung Ang University,0.07,5.33,0.13,0,1.6,6.6,1.6,1.47,0.6,2.27,2.47,0.73,0.13,0.53,0.53,4.26,2.93,2.13,4.93,1.27,0.73,0.93,0.8,0.6,1.8,1.07,1.93,0.33,0.93,2.8,2.86,1.47
1913,2019,Chungnam National University,0.13,3.51,0.44,1.19,3.07,5.02,3.07,0.69,0.82,2.63,2.13,1.19,0.13,0.25,0,6.52,2.63,2.76,6.27,1.44,3.64,0.75,2.7,2.82,4.39,1.44,3.7,0.75,1.82,4.83,4.26,2.76
1935,2019,Dankook University,0.35,3.44,0.41,0.41,4.2,5.16,2.18,1.47,0.41,2.33,2.53,0.56,0.56,0.96,0.25,3.85,0.96,3.59,3.59,1.77,1.42,1.37,1.27,1.72,2.38,1.62,2.63,0.61,1.87,3.19,3.29,2.48
1910,2019,Dongguk University,0.05,5.36,0.33,0.16,2.19,5.96,3.72,1.26,0.49,3.83,1.48,0.93,0.71,0.11,0,8.63,2.02,3.72,3.77,0.93,2.79,0.87,2.24,2.3,3.44,1.04,3.66,0.11,1.04,3.66,3.66,1.31
1912,2019,Ewha Womans University,0.78,4.72,0.12,0.18,1.73,6.46,1.43,1.67,0.48,4.24,1.91,0.6,0.48,0.06,0,5.38,1.02,2.87,4.66,1.67,1.08,1.85,0.54,1.26,1.49,0.72,1.91,0.6,1.91,2.69,2.93,1.97
1926,2019,Gachon University,0.12,2.54,0,0,2.01,4.01,2.01,1.42,0.53,2.24,0.83,0.53,0.18,1.36,0.18,7.14,4.43,3.31,3.6,1.95,2.01,0.89,0.77,1.48,2.6,1.3,1.59,1.3,1.77,2.89,1.54,3.54
1931,2019,Hankuk University of Foreign Studies(Seoul),0,4.2,0.33,0.07,2.33,4.67,3.34,1.2,0.27,2.67,2.67,1.2,0.2,0.2,0,9.01,2.13,3.4,4,0.47,1.93,0.87,1.87,1.8,2.94,1.07,2.94,0.4,1,3.54,3.2,1.47
1919,2019,Hongik University,0,4.76,0.12,0,1.92,6.31,2.72,1.05,0.62,3.47,1.92,0.5,0.25,0.31,0,6.87,3.34,3.09,4.76,1.55,1.61,0.68,1.49,1.36,2.29,1.05,2.17,0.56,0.8,2.54,1.98,1.73
1907,2019,Inha University,0,5.34,0,0,1.52,7.31,2.42,1.24,0.51,4.72,3.15,1.35,0.51,0.06,0.06,4.27,1.24,2.92,4.44,1.52,1.29,1.63,0.73,1.97,1.8,1.35,2.19,0.45,1.63,3.93,3.49,2.59
1906,2019,Konkuk University,0,5.79,0.36,0.21,0.99,8.03,2.82,1.77,0.47,3.13,1.98,0.73,0.1,0.26,0.42,3.39,4.12,2.19,4.54,1.62,0.78,0.78,1.04,0.68,1.72,0.83,1.67,0.31,0.94,2.19,2.19,1.04
1911,2019,Korea University,0,5.14,0,0.06,0.46,7.26,2.4,1.14,0.4,2.29,2.34,1.26,0.23,0.11,0.06,6.86,1.66,3.66,2.86,0.8,0.86,0.86,0.51,0.69,1.6,0.74,1.71,0.17,0.57,2.23,1.6,1.2
1924,2019,Kyonggi University,3.84,2.51,0,0,2.72,4.68,3.28,0.98,0.56,3.49,2.58,1.05,0.14,0,0,8.09,0.42,3.91,4.12,2.16,3,1.05,1.95,3.7,3.28,1.4,2.72,0.77,2.23,4.26,3.21,2.72
1916,2019,Myongji University,0,2.43,0,0.14,2.78,4.31,2.16,2.78,0.28,2.23,2.64,1.18,0.07,0.35,0.14,7.44,2.23,2.36,4.45,1.39,0.9,0.7,0.35,0.21,1.11,0.35,1.32,0.21,0.63,1.67,1.53,1.46
1909,2019,Seoul National University,0,4.32,0,0,1.9,5.69,1.63,2.21,0.26,1.63,2.42,0.68,0.47,0.58,0.16,6.06,3.16,2.37,5.11,1.69,1.47,0.68,1.32,1.37,2.05,0.79,2.32,0.32,0.63,2.9,2.74,1.9
1936,2019,Seoul National University of Science and Technology,0,3.15,0.36,0.36,3.15,5.42,2.68,0.95,0.48,2.02,2.44,0.6,0,0.6,0,6.49,2.74,2.38,6.01,2.14,0.71,0.6,0.77,0.89,1.07,0.3,1.07,0.18,0.54,1.73,1.55,1.49
1927,2019,Seoul Womens University,0,3.58,0.52,0,1.85,4.04,2.19,0.87,0.81,2.71,2.13,1.15,0.17,0.52,0,2.48,3.17,2.71,4.84,2.88,0.29,0.81,0.69,0.75,0.92,0.4,1.56,0.29,0.75,1.27,1.73,1.04
1923,2019,Sogang University,0,5.57,0.43,0.51,2.39,6.65,2.89,1.52,0.8,2.46,3.76,0.8,0.36,2.46,0,3.33,0.94,4.27,3.25,1.88,0.51,0.51,0.51,0.43,1.08,0.65,1.23,0.14,0.51,1.23,1.3,2.1
1914,2019,Sookmyung Womens University,0,5.48,0.73,0,1.98,6.56,2.6,0.9,0.62,2.43,2.26,0.85,0.34,0.06,0,5.99,3.84,4.58,6.05,1.75,1.47,0.68,0.9,0.9,2.04,0.9,2.15,0.34,0.68,2.32,1.75,1.47
1932,2019,Sungkyunkwan University,0.52,6.01,0.97,0,2.4,6.64,1.37,0.29,0.63,3.43,2.98,0.97,0.4,0.46,0.11,3.15,4.01,2.92,4.98,1.66,0.29,0.63,0.46,0.46,0.8,0.86,1.32,0.4,0.57,1.43,1.72,1.37
1921,2019,UNIST University,0,2.86,0,0.1,2.77,4.01,2.39,0.86,0.29,2.48,2.96,0.57,0.38,0.19,0,6.58,1.24,1.72,6.11,1.72,1.34,1.05,1.24,1.15,2.48,1.15,2.58,0.29,1.05,2.77,2.67,1.53
1915,2019,University of Seoul,0,6.28,0.15,0,1.31,7.23,2.12,1.17,0.44,2.12,2.41,0.73,0.29,0.15,0,4.09,1.39,3.58,3.87,1.75,0.73,0.37,0.29,0.51,0.8,0.37,0.95,0.29,0.29,0.95,0.88,0.88
1908,2019,Yonsei University(Seoul),0.7,5.45,0.44,0.06,2.53,6.97,2.53,0.95,0.44,2.66,3.49,0.89,0.32,0.82,0.06,3.68,2.03,3.74,4.37,1.14,0.89,1.08,1.58,1.84,2.03,1.01,2.53,0.44,0.89,2.92,3.11,1.84
2014,2020,Catholic University of Korea,0,3.69,0.08,1.42,1.01,4.27,2.85,0.92,0.67,3.02,1.51,0.67,0.17,4.36,0.17,3.69,1.34,2.43,5.45,0.92,1.09,1.42,1.26,1.34,1.84,0.84,1.84,0.92,1.76,3.77,3.69,1.68
2015,2020,Chonnam National University,0,5.46,0.14,0.07,0.89,7.24,2.73,0.41,0.48,3.48,2.59,0.34,0.2,0.07,0.61,6.01,2.73,3.69,3.89,1.02,0.61,0.68,0.14,0.07,1.09,0.34,1.09,0.07,0.55,1.5,1.09,1.02
2016,2020,Chung Ang University,0.1,4.59,0.29,0.78,2.64,5.77,3.32,1.66,0.88,1.86,2.93,0.88,0.2,0.1,0.88,4.4,3.13,2.64,5.87,0.78,0.98,1.47,0.78,1.08,1.66,0.98,1.66,1.17,1.66,2.44,2.25,1.37
2017,2020,Chungnam National University,0,3.52,0.3,0.52,2.32,3.96,4.86,1.05,0.45,1.72,2.17,0.6,0.15,0.97,0,5.68,3.66,3.74,3.74,1.5,3.07,0.75,2.24,2.62,3.52,1.42,2.84,1.05,1.42,3.96,3.29,0.97
2018,2020,Dankook University,0,2.28,0,0.31,1.97,4.15,2.18,0.73,0.62,2.7,1.87,0.62,0.62,0.52,0,2.49,0.41,4.25,5.08,1.45,1.35,0.62,0.62,0.73,1.45,1.14,2.18,0.21,0.73,2.8,2.9,2.39
2019,2020,Dongguk University,0,3.85,0.07,0,1.28,4.19,3.71,1.08,0.74,2.43,1.22,1.08,0.2,0.34,0,10.6,1.49,4.25,3.38,1.01,1.01,0.61,0.68,0.81,1.55,0.68,1.69,0.14,0.47,1.69,1.49,2.57
2020,2020,Ewha Womans University,0.85,3.86,0.36,0.12,1.93,4.47,2.54,1.45,0.36,3.93,2.6,1.57,0.48,0.42,0.06,8.27,0.54,2.23,5.74,0.85,1.69,1.27,1.39,1.03,2.6,0.48,2.66,0.6,0.91,3.26,2.66,1.63
2021,2020,Gachon University,0,2.16,0.07,0,2.24,3.82,2.96,1.08,0.5,2.02,2.74,0.29,0.14,0.5,0.07,9.08,4.18,3.1,3.68,2.67,0.87,0.14,0.58,0.87,0.94,0.58,1.59,0.5,0.14,1.08,1.37,1.37
2022,2020,Hankuk University of Foreign Studies(Seoul),0,5.18,0.29,0,2.25,7.81,2.44,1.56,0.68,2.34,1.37,0.2,0.2,0.1,1.46,7.03,4,4.49,3.22,0.88,1.37,0.59,1.37,1.17,1.86,0.98,1.76,0.59,1.17,2.44,2.25,1.37
2023,2020,Kangwon National University,0,3.55,1.08,0,0.49,3.74,1.18,0.89,0.49,2.66,2.56,1.18,0.79,0.2,0,2.66,1.67,2.17,4.93,1.67,0.79,0,0.39,0.59,0.99,0.49,0.99,0,0,0.99,0.69,1.28
2024,2020,Konkuk University,0,5.14,0.38,0.23,1.53,5.76,3.53,0.92,0.54,2.53,2.46,0.61,0.38,0.77,0.08,4.83,1.53,3.76,3.61,1.46,1.46,1.15,0.61,0.61,2.38,1.15,2.38,0.31,1.15,3.61,2.99,1.23
2025,2020,Seoul National University,0,6.21,0.26,0,0.85,6.61,1.64,2.09,0.65,1.77,2.09,0.98,0.2,0,0,4.58,3.6,2.42,4.32,0.92,0.52,0.72,0.46,0.59,1.31,0.85,1.5,0.52,0.65,2.22,1.96,1.37
2026,2020,Seoul National University of Science and Technology,0.06,3.16,0.06,0.36,2.79,5.04,2.25,0.43,0.67,1.82,2,1.09,0.24,1.76,0.12,4.86,2.55,3.16,4.25,1.7,1.52,0.97,0.85,0.91,2.06,0.85,2.13,0.3,1.09,2.73,2.43,0.79
2027,2020,Seoul Womens University,0,1.81,0.83,0,1.53,2.36,1.81,1.32,0.42,1.81,1.94,1.46,0.42,0,0,5.28,8.26,1.39,6.25,1.94,0.21,0.21,0.21,0.21,0.35,0.14,0.49,0.07,0.07,0.63,0.49,0.9
2028,2020,Sogang University,0,4.45,0,0,1.1,5.41,3.22,2.06,0.45,2.77,1.87,0.45,0.19,0,0,7.54,2.71,2.84,4.57,1.8,2,0.77,1.61,1.8,2.64,1.1,2.96,0.52,0.77,3.16,2.77,0.77
2029,2020,Sookmyung Womens University,0,4.88,0.17,0,1.77,5.72,3.28,1.26,0.25,2.52,2.94,0.76,0.17,0,0.25,4.37,3.03,4.54,3.87,1.51,1.01,1.01,0.17,0.25,1.35,0.42,1.43,0.17,0.93,1.85,1.51,1.18
2030,2020,Sungkyunkwan University,0,3.17,0.08,0,0.92,5.1,1.5,1.09,0.75,1.84,3.76,0.58,0.67,4.26,0,1.84,1.5,2.26,5.43,1.25,0.42,0.25,0.42,0.25,0.58,0.5,0.75,0.17,0.33,0.92,0.92,2.01
2031,2020,Yonsei University(Seoul),0,2.89,0.56,0,0.44,5.11,2.33,1,0.39,2.94,1.39,1,0.28,1.78,0.11,3.11,1.5,3.16,3.39,0.83,0.61,1,0.17,0.67,1.11,0.78,1.33,0.44,0.94,2,1.83,1.28
2111,2021,Chonnam National University,0,2.31,0.14,0.56,1.05,2.66,2.03,0.84,0.42,3.57,2.45,0.49,0.14,0,0.07,5.05,2.73,2.73,4.48,1.33,0.56,0.56,0.77,0.63,1.33,0.63,1.33,0.28,0.42,1.82,1.54,0.98
2109,2021,Chung Ang University,0,2.88,0,0.08,2.37,3.56,1.1,1.1,0.42,2.63,2.71,0.42,0.42,0.08,1.36,6.02,7.97,3.64,5,1.02,0.59,0.68,0.76,0.59,1.1,0.25,1.36,0.34,0.34,1.27,1.1,1.86
2110,2021,Dongguk University,0,2.03,0,0,1.96,2.38,2.17,1.12,0.49,1.96,2.8,0.56,0.14,0.07,0.63,3.71,1.19,3.29,4.9,1.26,0.91,1.19,0.63,0.49,1.89,1.4,2.03,0.35,0.98,2.66,2.31,2.24
2115,2021,Ewha Womans University,0,2.77,0.26,0,1.47,3.03,3.29,1.47,0.52,3.29,1.56,0.87,0.52,0,0,13.26,1.3,2.17,3.64,0.43,1.82,0.78,1.99,1.82,2.34,0.09,2.43,0.35,0.78,3.21,3.21,1.21
2101,2021,Gachon University,0,2.62,0.07,0.99,1.49,3.47,2.9,0.99,0.21,3.54,2.55,0.42,0,0,0,5.38,3.54,3.89,3.54,1.49,2.62,0.57,1.13,0.85,2.83,1.27,2.69,0.64,0.64,2.97,2.19,1.84
2114,2021,Hankuk University of Foreign Studies(Seoul),0,5.09,0.66,0.37,3.39,6.57,1.99,0.89,0.59,3.25,2.73,1.33,0.66,0.15,0.22,7.31,1.77,3.99,6.27,0.3,1.18,1.18,1.25,1.48,2.14,0.52,1.92,0.3,1.25,3.17,2.95,1.25
2104,2021,Hongik University,0.1,3.9,0.2,0,1.2,4.3,2,1.2,0.3,3.1,2.3,1.8,0.4,0,0.1,4,2.1,1.9,5.69,1.7,0.3,0.5,0.4,0.5,0.9,0.4,0.8,0.2,0.5,1.1,1.1,2.1
2116,2021,Inha University,0,5.83,0,1.32,1.38,6.67,3.6,1.02,0.3,2.64,2.7,0.96,0.3,0.06,0,4.2,1.68,4.8,3.12,0.9,0.66,0.54,0.3,0.6,1.26,1.08,1.62,0.3,0.3,1.74,1.44,1.08
2105,2021,Myongji University,0.09,2.56,0.19,0,1.52,2.65,1.99,1.23,0.09,2.56,2.08,0.19,0,0.28,0.95,4.45,3.22,3.88,4.55,1.42,0.95,0.28,0.76,0.47,0.95,0.38,0.76,0.38,0.28,1.14,1.04,1.14
2106,2021,Seoul National University,0,3.41,0.12,0,0.43,4.47,2.73,1.99,0.74,2.05,1.36,0.43,0.19,0.62,0,6.82,2.73,2.85,2.67,0.87,1.67,1.12,1.24,1.24,2.54,1.67,2.73,0.43,1.24,3.1,2.85,1.61
2113,2021,Sogang University,0,3.17,0,0,1.44,3.78,2.95,1.44,0.53,2.19,2.12,0.6,0.3,0,0.08,8.62,4.08,2.19,5.14,1.13,1.59,0.38,1.51,1.74,2.04,0.83,2.19,0.3,0.38,2.72,2.42,0.83
2112,2021,Sookmyung Womens University,0,1.8,0.22,0,0.58,2.37,2.08,0.79,0.29,2.66,2.59,0.29,0.07,1.73,0.14,5.25,1.58,2.52,5.61,0.58,1.37,0.5,0.93,1.08,1.73,0.5,1.94,0.07,0.29,1.73,1.37,1.29
2107,2021,Sungkyunkwan University,0,4.38,0,0,1.36,5.06,2.82,1.75,1.07,1.66,2.04,0.68,0.1,0,0.19,9.35,3.41,1.17,5.16,1.85,1.07,0.29,0.78,0.58,1.27,0.49,1.85,0.1,0.29,1.56,1.66,0.97
2102,2021,University of Seoul,0,3.01,0.19,0.19,0.94,4.61,1.6,0.85,0.56,2.54,2.17,0.56,0.28,0.56,0.47,4.99,4.71,2.73,4.14,2.73,1.88,1.98,0.85,1.6,3.01,1.41,2.35,0.56,1.69,4.43,2.82,0.94
2103,2021,Yonsei University(Seoul),0,4.71,0.08,0,0.84,5.47,3.28,1.26,0.34,2.61,2.02,0.59,0.17,0.59,0.08,4.54,2.86,2.69,4.12,0.76,0.67,0.59,1.51,0.93,1.51,0.67,1.6,0.67,0.5,1.93,2.27,1.68
2108,2021,Yonsei University(Wonju),0.33,2.74,0.25,0.08,2.24,5.32,2.33,1,0.33,2.24,1.66,0.5,0.42,0,0.17,4.41,1.5,3.57,3.16,1,1.25,1.66,1,1.75,2.08,0.67,2.16,0.33,1.83,3.16,3.08,1.91
2214,2022,Chonnam National University,0,4.93,0.16,0,1.11,5.64,2.38,1.03,0.64,2.54,3.82,0.4,0,0,0.48,5.01,2.86,3.74,3.82,0.79,0.64,0.64,0.24,0.16,1.11,0.16,1.19,0.16,0.64,1.19,0.95,1.67
2212,2022,Chung Ang University,0,4.77,0.23,0,1.59,5.53,2.27,0.91,0.91,2.42,1.59,0.38,0.08,0.15,0,6.52,5.53,2.42,3.79,1.21,1.06,0.61,0.68,0.68,1.52,0.61,1.74,0.23,0.53,1.74,1.52,1.14
2222,2022,Dankook University,0,2.43,0.32,0,2.83,4.45,3.24,0.81,0.08,3.72,3.32,0.65,0.08,0.16,0.16,8.26,1.3,1.78,5.51,1.78,3.08,0.73,2.19,1.94,3.32,0.73,3.4,0.08,0.49,3.81,3.64,2.19
2221,2022,Dongguk University,0,3.63,0,0,3.18,5.9,2.36,1.63,0.18,5.18,1.82,1.27,0.45,0.09,0,5.99,1.27,1.27,5,2.09,3.36,1.54,2.63,2.45,3.91,1.09,4.63,0.36,1.45,4.54,5,4.09
2219,2022,Gachon University,0,5.28,0,0,0.84,6.5,2.22,0.69,0.54,2.22,3.21,0.15,0.08,0.15,0.08,6.81,2.07,3.6,3.9,1.45,0.61,0.38,0.54,0.38,0.99,0.38,1.15,0.15,0.23,1.07,0.77,1.07
2206,2022,Hankuk University of Foreign Studies(Global),0.19,3.16,0.48,0,0.38,3.74,1.73,0.67,0.19,1.25,2.68,0.67,0.1,0.48,0.19,3.45,2.59,1.63,7.57,1.92,1.44,0.58,0.67,0.96,1.53,0.86,2.11,0.48,0.58,1.73,1.34,2.21
2208,2022,Hankuk University of Foreign Studies(Seoul),0,2.42,0.43,0,2.59,4.75,3.2,2.07,0.78,1.99,1.55,0.26,0.43,0.26,0,6.39,2.68,2.85,3.02,0.69,2.42,1.47,1.04,1.73,3.54,1.64,3.11,0.6,1.99,4.06,2.94,1.64
2202,2022,Inha University,0,5.62,0.31,0,0.69,7.4,4.16,1.23,0.46,3.54,2.47,1.39,0.69,0.08,0,6.32,2.77,3.85,3.39,1.62,0.85,0.39,0.77,0.85,1.16,1,1.54,0.54,0.39,1.77,1.85,1.77
2223,2022,Kangwon National University,0,4.22,0.65,0.13,0.78,4.99,2.33,0.84,0.45,1.88,1.56,0.97,0.32,0.13,0.26,5.12,1.43,3.31,5.51,1.82,1.04,0.78,0.78,1.1,1.56,0.65,1.62,0.45,0.78,2.2,1.82,1.3
2220,2022,Konkuk University,0.07,3.04,0.53,0.33,3.96,4.69,2.38,1.06,0.59,2.11,1.58,1.12,0.33,0.07,0.2,5.35,1.45,3.43,5.02,0.59,1.19,1.58,0.86,0.99,2.11,1.19,2.24,0.66,1.72,4.55,4.49,1.39
2201,2022,Korea University,0,3.59,0.07,0,0.3,5.39,3.29,1.5,0.67,2.99,2.47,0.52,0.15,0.67,0.07,5.68,3.74,3.37,4.56,1.12,1.42,1.05,1.05,0.82,2.17,0.52,2.09,0.75,0.9,4.04,3.52,2.09
2213,2022,Myongji University,0,1.16,0.21,0,0.84,3.26,1.89,1.26,0.42,2.94,1.37,0.42,0.21,0.21,0,8.72,0.84,2.94,4.83,0.63,0.84,0.63,0.53,0.42,0.95,0.32,1.16,0.21,0.53,1.37,1.68,2.21
2205,2022,Sookmyung Womens University,0.09,4.61,0.72,0,0.54,6.69,1.54,0.54,0.99,2.8,2.71,0.45,0.27,0.45,1.63,4.52,1.9,1.63,5.61,1.36,2.35,0.36,0.72,2.53,2.62,2.44,1.27,2.26,2.08,3.16,1.54,1.81
2224,2022,Sungkyunkwan University,0,3.38,0.25,0,2.06,4.21,2.15,1.32,0.91,2.81,2.15,0.5,0.33,2.31,0.74,7.92,1.32,1.98,5.03,0.99,1.07,0.66,0.58,0.91,1.4,0.74,1.49,0.5,0.74,1.82,1.9,2.06
2211,2022,University of Seoul,0,4.27,0.76,0.09,1.33,5.12,1.99,0.66,2.09,2.94,3.13,1.42,0,0.66,0,4.36,1.23,2.37,6.26,1.8,0.85,0.76,0.66,0.66,1.42,1.33,1.71,0.66,0.85,2.18,2.47,3.32
2217,2022,Yonsei University(Seoul),0,2.01,0,0,0.45,2.91,2.98,1.34,0.3,2.98,3.13,1.12,0.52,1.79,0,6.11,3.5,3.8,3.06,1.64,0.45,0.6,0.89,0.97,1.12,0.52,1.79,0.22,0.22,1.34,1.71,1.64
2308,2023,Chonnam National University,0,4.36,0.1,0,0.91,4.77,2.23,0.61,0.51,1.93,2.54,0.81,0,0.3,0,5.98,2.33,3.35,5.58,1.52,0.51,0.61,0.71,0.61,0.81,0.51,1.32,0.61,0.61,1.12,1.42,1.32
2302,2023,Chosun University,0,4.79,0.11,0,0.68,5.71,0.91,1.14,1.03,1.83,2.28,0.23,0,0.34,0,6.62,5.37,2.05,4.45,1.03,0.57,1.03,0.34,0.23,0.91,0.34,0.91,0.68,1.03,2.74,2.74,0.91
2309,2023,Chung Ang University,0.19,2.8,0.56,0,2.24,4.2,1.49,1.12,0.28,4.95,2.05,1.31,0.09,0.37,0,5.51,4.3,2.15,4.58,1.12,1.12,0.56,0.28,0.37,1.68,0.65,1.49,0.19,0.47,1.87,1.21,1.68
2304,2023,Dankook University,0,2.45,0.14,0,2.52,4.48,1.33,1.26,0.35,2.1,2.66,0.63,0.21,0,0.14,4.84,1.82,2.03,3.78,1.82,1.75,1.26,1.19,0.77,2.24,0.91,2.8,0.28,1.26,2.8,2.94,2.17
2315,2023,Gachon University,0,4.42,0,0,1.74,5.37,2.84,1.1,0.16,2.76,2.6,0.32,0.16,0.79,0,6.63,2.21,3.39,3.31,1.26,1.03,0.24,1.58,1.5,1.89,1.26,2.45,0.39,0.32,2.76,3.31,1.74
2313,2023,Hankuk University of Foreign Studies,0.17,2.71,0.08,0.08,2.12,3.56,2.63,0.85,0.34,2.46,1.53,0.85,0.34,0.17,0,4.16,2.46,1.36,7.46,2.04,1.7,1.19,0.42,0.85,2.29,1.36,2.71,0.68,1.19,3.22,2.63,1.87
2318,2023,Hongik University,0,3.98,0.46,0,2.39,4.55,2.62,0.91,0.34,2.16,2.16,0.34,0.23,0.23,0.11,6.37,5.23,1.82,4.44,3.07,2.05,1.25,0.57,0.46,2.73,1.25,2.84,0.34,1.02,2.84,1.93,1.37
2312,2023,Kangwon National University,0,3.69,0.27,0,0.99,5.23,2.61,1.44,0,1.98,1.98,0.81,0.54,0.27,0.18,4.77,1.17,3.51,2.7,1.17,1.8,0.99,1.17,1.53,2.43,0.81,2.79,0.18,0.9,3.33,2.88,2.07
2305,2023,Konkuk University,0,4.47,0,0,0.51,5.14,2.19,1.18,0.34,2.19,2.36,0.51,0.08,0.67,0.42,3.2,2.45,2.36,4.89,1.1,1.26,0.67,0.76,0.67,2.02,0.34,1.94,0.08,0.17,2.19,1.1,1.18
2307,2023,Korea University,0,3.12,0.5,0.21,2.2,4.89,1.98,0.99,1.84,5.95,2.05,1.27,0.71,0,0,6.16,0.71,2.9,5.38,1.06,1.13,1.06,0.21,0.5,1.42,0.71,1.84,0.5,1.06,1.56,1.91,3.4
2317,2023,Kyonggi University,0,3.42,0.95,0,0.57,3.8,1.61,0.28,0.38,2.47,3.61,0.19,0.47,0.09,0.09,4.37,2.37,3.13,5.89,1.61,0.95,0.66,1.04,0.95,1.52,0.47,1.99,0.28,0.57,1.71,2.09,1.42
2310,2023,Kyungpook National University,0,3.86,0.26,0.18,1.49,4.29,3.16,0.79,0.35,3.51,1.4,1.05,0.35,0.96,0.79,9.38,2.54,2.45,4.47,1.93,1.75,0.35,0.88,1.4,1.93,0.96,2.1,0.26,0.44,2.28,2.1,1.31
2314,2023,Seoul National University,0.2,3.4,0.2,0.88,1.97,4.49,1.7,1.97,0.95,4.21,1.56,0.54,0.14,0.14,1.7,5.91,2.52,2.38,5.1,0.75,0.95,0.95,0.61,0.68,1.7,1.09,1.63,0.75,1.09,2.38,1.9,1.63
2306,2023,Seoul Womens University,0,2.8,0.39,0.23,2.25,4.35,2.18,1.24,0.31,3.03,2.33,1.48,0.16,0,0.23,6.45,1.94,1.4,5.75,2.49,0.93,0.85,0.62,0.39,1.55,0.78,1.71,0.16,0.7,2.25,2.1,1.32
2316,2023,Sungkyunkwan University,0,1.9,0.3,0,2.6,3.5,1.1,1.1,1.1,1.1,1.1,0.8,0.3,0.1,0,15.28,1.5,1.7,5,1.1,2.6,1.1,0.6,1.3,2.8,1.5,1.9,1.1,2,3.3,2.2,0.2
2311,2023,University of Seoul,0.09,3.2,0.26,0,2.85,3.8,1.64,1.12,0.69,2.16,1.64,0.86,0.26,0.09,0.26,1.99,1.99,1.73,5.61,1.99,0.35,0.52,0.6,0.26,0.86,0.43,0.95,0.26,0.52,1.47,1.64,2.16
2301,2023,Yonsei University(Seoul),0,3.08,0,0.09,1.49,4.04,1.93,1.41,0.62,2.37,1.93,0.62,0.35,0,0,3.87,3.78,2.2,4.04,1.14,1.49,1.14,1.76,0.97,2.46,1.85,2.9,0.44,1.23,3.34,4.13,1.85
2303,2023,Yonsei University(Wonju),0.09,2.63,0.09,0.09,1.69,3.66,4.41,1.31,0.66,2.35,2.25,0.66,0.28,0,0.09,4.69,3.75,2.53,4.69,1.41,1.88,1.03,1.13,0.94,2.16,0.56,2.16,0.75,1.03,3.19,2.81,1.78
